"False","192.168.1.1","False","False","13/Aug/2018:06:30:03 +0800","1451","POST /api/action/resource_update HTTP/1.0"
"False","192.168.1.1","False","False","13/Aug/2018:06:30:07 +0800","1096","POST /api/action/resource_update HTTP/1.0"
"False","192.168.1.1","False","False","13/Aug/2018:06:30:17 +0800","1515","POST /api/action/resource_update HTTP/1.0"
"False","192.168.1.1","False","False","13/Aug/2018:06:31:12 +0800","1311","POST /api/action/resource_update HTTP/1.0"
"False","192.168.1.1","False","False","13/Aug/2018:06:40:03 +0800","1451","POST /api/action/resource_update HTTP/1.0"
"False","192.168.1.1","False","False","13/Aug/2018:06:40:07 +0800","1096","POST /api/action/resource_update HTTP/1.0"
"False","192.168.1.1","False","False","13/Aug/2018:06:40:17 +0800","1515","POST /api/action/resource_update HTTP/1.0"
"False","192.168.1.1","False","False","13/Aug/2018:06:41:02 +0800","1311","POST /api/action/resource_update HTTP/1.0"
"False","192.168.1.1","False","False","13/Aug/2018:06:50:03 +0800","1451","POST /api/action/resource_update HTTP/1.0"
"False","192.168.1.1","False","False","13/Aug/2018:06:50:15 +0800","1096","POST /api/action/resource_update HTTP/1.0"
"False","192.168.1.1","False","False","13/Aug/2018:06:50:25 +0800","1515","POST /api/action/resource_update HTTP/1.0"
"False","192.168.1.1","False","False","13/Aug/2018:06:51:17 +0800","1311","POST /api/action/resource_update HTTP/1.0"
"False","192.168.1.1","False","False","13/Aug/2018:07:00:03 +0800","1451","POST /api/action/resource_update HTTP/1.0"
"False","192.168.1.1","False","False","13/Aug/2018:07:00:07 +0800","1096","POST /api/action/resource_update HTTP/1.0"
"False","192.168.1.1","False","False","13/Aug/2018:07:00:17 +0800","1515","POST /api/action/resource_update HTTP/1.0"
"False","192.168.1.1","False","False","13/Aug/2018:07:01:33 +0800","1311","POST /api/action/resource_update HTTP/1.0"
"False","192.168.1.1","False","False","13/Aug/2018:07:10:03 +0800","1451","POST /api/action/resource_update HTTP/1.0"
"False","192.168.1.1","False","False","13/Aug/2018:07:10:08 +0800","1096","POST /api/action/resource_update HTTP/1.0"
"False","192.168.1.1","False","False","13/Aug/2018:07:10:17 +0800","1515","POST /api/action/resource_update HTTP/1.0"
"False","192.168.1.1","False","False","13/Aug/2018:07:12:20 +0800","1310","POST /api/action/resource_update HTTP/1.0"
"nchc_restricted","192.168.1.1","73a12ed3-9088-4d5e-98b8-8f720c7004d9","True","02/Aug/2018:08:43:51 +0800","61111","GET /dataset/73a12ed3-9088-4d5e-98b8-8f720c7004d9/resource/358f60b7-377c-4ae8-b178-af3b0aafca4f/download/201612-v2.2.xlsx HTTP/1.0"
"nchc_restricted","192.168.1.1","73a12ed3-9088-4d5e-98b8-8f720c7004d9","True","02/Aug/2018:08:44:34 +0800","61134","GET /dataset/73a12ed3-9088-4d5e-98b8-8f720c7004d9/resource/358f60b7-377c-4ae8-b178-af3b0aafca4f/download/201612-v2.2.xlsx HTTP/1.0"
"nchc_restricted","192.168.1.1","73a12ed3-9088-4d5e-98b8-8f720c7004d9","True","02/Aug/2018:08:45:53 +0800","61111","GET /dataset/73a12ed3-9088-4d5e-98b8-8f720c7004d9/resource/358f60b7-377c-4ae8-b178-af3b0aafca4f/download/201612-v2.2.xlsx HTTP/1.0"
"nchc_restricted","192.168.1.1","bead8093-f75c-481b-a57d-8aefefd1e7d4","True","01/Aug/2018:17:20:03 +0800","42495","GET /dataset/bead8093-f75c-481b-a57d-8aefefd1e7d4/resource/2bbccd82-533f-440b-a92b-0434618e9536/download/201707-0720-v5-final.xlsx HTTP/1.0"
"nchc_restricted","192.168.1.1","86704a38-ee03-4076-810e-3ee95fe50c1a","True","01/Aug/2018:17:21:23 +0800","139101","GET /dataset/86704a38-ee03-4076-810e-3ee95fe50c1a/resource/07fdca2a-b7db-4978-b16e-b2a5ee6efe53/download/201712-800ok.xls HTTP/1.0"
"nchc_restricted","192.168.1.1","2f5ac55d-d865-4bb6-b3cb-d2636d7f38ab","True","01/Aug/2018:17:22:35 +0800","54565","GET /dataset/2f5ac55d-d865-4bb6-b3cb-d2636d7f38ab/resource/54b612f6-1789-4a1a-a9d1-369d9b343339/download/_20180717165401214.xlsx HTTP/1.0"
"i-scipark","192.168.1.1","a999ebc8-3230-49eb-ac55-8df1b2aae5f5","True","26/Jul/2018:14:28:23 +0800","75390","GET /dataset/a999ebc8-3230-49eb-ac55-8df1b2aae5f5/resource/01fc7a7d-97fd-467c-9ad0-bbdd093556e6/download/sewage_treatment_capacity_20180604.csv HTTP/1.0"
"i-scipark","192.168.1.1","5670ee91-79ac-48ed-8cd6-cea0200dda76","True","25/Jul/2018:14:13:55 +0800","94019","GET /dataset/5670ee91-79ac-48ed-8cd6-cea0200dda76/resource/d21d7915-41e7-4c9b-91f1-88fae68c4e59/download/water_storage_capacity_20180604.csv HTTP/1.0"
"i-scipark","192.168.1.1","5670ee91-79ac-48ed-8cd6-cea0200dda76","True","25/Jul/2018:14:16:39 +0800","94019","GET /dataset/5670ee91-79ac-48ed-8cd6-cea0200dda76/resource/d21d7915-41e7-4c9b-91f1-88fae68c4e59/download/water_storage_capacity_200708-201806.csv HTTP/1.0"
"i-scipark","192.168.1.1","5670ee91-79ac-48ed-8cd6-cea0200dda76","True","25/Jul/2018:14:17:56 +0800","94042","GET /dataset/5670ee91-79ac-48ed-8cd6-cea0200dda76/resource/d21d7915-41e7-4c9b-91f1-88fae68c4e59/download/water_storage_capacity_200708-201806.csv HTTP/1.0"
"i-scipark","192.168.1.1","5670ee91-79ac-48ed-8cd6-cea0200dda76","True","25/Jul/2018:14:19:37 +0800","94019","GET /dataset/5670ee91-79ac-48ed-8cd6-cea0200dda76/resource/d21d7915-41e7-4c9b-91f1-88fae68c4e59/download/water_storage_capacity_200708-201806.csv HTTP/1.0"
"i-scipark","192.168.1.1","5670ee91-79ac-48ed-8cd6-cea0200dda76","True","25/Jul/2018:14:23:13 +0800","94019","GET /dataset/5670ee91-79ac-48ed-8cd6-cea0200dda76/resource/d21d7915-41e7-4c9b-91f1-88fae68c4e59/download/water_storage_capacity_200708-201806.csv HTTP/1.0"
"i-scipark","192.168.1.1","f3551484-830c-4b33-997a-5cd2d24411b6","True","25/Jul/2018:14:27:11 +0800","418761","GET /dataset/f3551484-830c-4b33-997a-5cd2d24411b6/resource/37eb56f9-d852-407a-86d0-3c6384beb3dd/download/air20180426-20180531.csv HTTP/1.0"
"i-scipark","192.168.1.1","f3551484-830c-4b33-997a-5cd2d24411b6","True","25/Jul/2018:14:27:15 +0800","394619","GET /dataset/f3551484-830c-4b33-997a-5cd2d24411b6/resource/c48bb870-d2ba-4ccc-8cd1-3e839a33c4db/download/air201806.csv HTTP/1.0"
"i-scipark","192.168.1.1","1ee74d02-91d9-4c8a-b59e-530a34028dde","True","25/Jul/2018:14:27:28 +0800","418761","GET /dataset/1ee74d02-91d9-4c8a-b59e-530a34028dde/resource/9eec0216-ba89-46c4-aa2e-616e980b9209/download/air20180426-20180531.csv HTTP/1.0"
"i-scipark","192.168.1.1","1ee74d02-91d9-4c8a-b59e-530a34028dde","True","25/Jul/2018:14:27:32 +0800","34059380","GET /dataset/1ee74d02-91d9-4c8a-b59e-530a34028dde/resource/07368dac-84c4-4443-8e87-3be1c84b059f/download/etag201806.csv HTTP/1.0"
"i-scipark","192.168.1.1","18778e3d-44fb-4efc-bcdf-8e48c1fdcfa6","True","25/Jul/2018:14:27:36 +0800","260904","GET /dataset/18778e3d-44fb-4efc-bcdf-8e48c1fdcfa6/resource/504992ac-c2a5-4fb0-ac9a-0770a0c01d30/download/sewage20180521-20180531.csv HTTP/1.0"
"i-scipark","192.168.1.1","18778e3d-44fb-4efc-bcdf-8e48c1fdcfa6","True","25/Jul/2018:14:27:40 +0800","980387","GET /dataset/18778e3d-44fb-4efc-bcdf-8e48c1fdcfa6/resource/b0d05819-db37-4518-bfa0-cf9c19fe7f71/download/sewage201806.csv HTTP/1.0"
"False","192.168.1.1","False","False","24/Jul/2018:16:54:15 +0800","0","CONNECT /dataset/t2p2k1s6.htm HTTP/1.0"
"False","192.168.1.1","False","False","24/Jul/2018:16:54:15 +0800","0","CONNECT /dataset/Qaqtb9c2.htm HTTP/1.0"
"nchc_restricted","192.168.1.1","73a12ed3-9088-4d5e-98b8-8f720c7004d9","True","02/Aug/2018:08:43:51 +0800","61111","GET /dataset/73a12ed3-9088-4d5e-98b8-8f720c7004d9/resource/358f60b7-377c-4ae8-b178-af3b0aafca4f/download/201612-v2.2.xlsx HTTP/1.0"
"nchc_restricted","192.168.1.1","73a12ed3-9088-4d5e-98b8-8f720c7004d9","True","02/Aug/2018:08:44:34 +0800","61134","GET /dataset/73a12ed3-9088-4d5e-98b8-8f720c7004d9/resource/358f60b7-377c-4ae8-b178-af3b0aafca4f/download/201612-v2.2.xlsx HTTP/1.0"
"nchc_restricted","192.168.1.1","73a12ed3-9088-4d5e-98b8-8f720c7004d9","True","02/Aug/2018:08:45:53 +0800","61111","GET /dataset/73a12ed3-9088-4d5e-98b8-8f720c7004d9/resource/358f60b7-377c-4ae8-b178-af3b0aafca4f/download/201612-v2.2.xlsx HTTP/1.0"
"nchc_restricted","192.168.1.1","bead8093-f75c-481b-a57d-8aefefd1e7d4","True","01/Aug/2018:17:20:03 +0800","42495","GET /dataset/bead8093-f75c-481b-a57d-8aefefd1e7d4/resource/2bbccd82-533f-440b-a92b-0434618e9536/download/201707-0720-v5-final.xlsx HTTP/1.0"
"nchc_restricted","192.168.1.1","86704a38-ee03-4076-810e-3ee95fe50c1a","True","01/Aug/2018:17:21:23 +0800","139101","GET /dataset/86704a38-ee03-4076-810e-3ee95fe50c1a/resource/07fdca2a-b7db-4978-b16e-b2a5ee6efe53/download/201712-800ok.xls HTTP/1.0"
"nchc_restricted","192.168.1.1","2f5ac55d-d865-4bb6-b3cb-d2636d7f38ab","True","01/Aug/2018:17:22:35 +0800","54565","GET /dataset/2f5ac55d-d865-4bb6-b3cb-d2636d7f38ab/resource/54b612f6-1789-4a1a-a9d1-369d9b343339/download/_20180717165401214.xlsx HTTP/1.0"
"i-scipark","192.168.1.1","a999ebc8-3230-49eb-ac55-8df1b2aae5f5","True","26/Jul/2018:14:28:23 +0800","75390","GET /dataset/a999ebc8-3230-49eb-ac55-8df1b2aae5f5/resource/01fc7a7d-97fd-467c-9ad0-bbdd093556e6/download/sewage_treatment_capacity_20180604.csv HTTP/1.0"
"i-scipark","192.168.1.1","5670ee91-79ac-48ed-8cd6-cea0200dda76","True","25/Jul/2018:14:13:55 +0800","94019","GET /dataset/5670ee91-79ac-48ed-8cd6-cea0200dda76/resource/d21d7915-41e7-4c9b-91f1-88fae68c4e59/download/water_storage_capacity_20180604.csv HTTP/1.0"
"i-scipark","192.168.1.1","5670ee91-79ac-48ed-8cd6-cea0200dda76","True","25/Jul/2018:14:16:39 +0800","94019","GET /dataset/5670ee91-79ac-48ed-8cd6-cea0200dda76/resource/d21d7915-41e7-4c9b-91f1-88fae68c4e59/download/water_storage_capacity_200708-201806.csv HTTP/1.0"
"i-scipark","192.168.1.1","5670ee91-79ac-48ed-8cd6-cea0200dda76","True","25/Jul/2018:14:17:56 +0800","94042","GET /dataset/5670ee91-79ac-48ed-8cd6-cea0200dda76/resource/d21d7915-41e7-4c9b-91f1-88fae68c4e59/download/water_storage_capacity_200708-201806.csv HTTP/1.0"
"i-scipark","192.168.1.1","5670ee91-79ac-48ed-8cd6-cea0200dda76","True","25/Jul/2018:14:19:37 +0800","94019","GET /dataset/5670ee91-79ac-48ed-8cd6-cea0200dda76/resource/d21d7915-41e7-4c9b-91f1-88fae68c4e59/download/water_storage_capacity_200708-201806.csv HTTP/1.0"
"i-scipark","192.168.1.1","5670ee91-79ac-48ed-8cd6-cea0200dda76","True","25/Jul/2018:14:23:13 +0800","94019","GET /dataset/5670ee91-79ac-48ed-8cd6-cea0200dda76/resource/d21d7915-41e7-4c9b-91f1-88fae68c4e59/download/water_storage_capacity_200708-201806.csv HTTP/1.0"
"i-scipark","192.168.1.1","f3551484-830c-4b33-997a-5cd2d24411b6","True","25/Jul/2018:14:27:11 +0800","418761","GET /dataset/f3551484-830c-4b33-997a-5cd2d24411b6/resource/37eb56f9-d852-407a-86d0-3c6384beb3dd/download/air20180426-20180531.csv HTTP/1.0"
"i-scipark","192.168.1.1","f3551484-830c-4b33-997a-5cd2d24411b6","True","25/Jul/2018:14:27:15 +0800","394619","GET /dataset/f3551484-830c-4b33-997a-5cd2d24411b6/resource/c48bb870-d2ba-4ccc-8cd1-3e839a33c4db/download/air201806.csv HTTP/1.0"
"i-scipark","192.168.1.1","1ee74d02-91d9-4c8a-b59e-530a34028dde","True","25/Jul/2018:14:27:28 +0800","418761","GET /dataset/1ee74d02-91d9-4c8a-b59e-530a34028dde/resource/9eec0216-ba89-46c4-aa2e-616e980b9209/download/air20180426-20180531.csv HTTP/1.0"
"i-scipark","192.168.1.1","1ee74d02-91d9-4c8a-b59e-530a34028dde","True","25/Jul/2018:14:27:32 +0800","34059380","GET /dataset/1ee74d02-91d9-4c8a-b59e-530a34028dde/resource/07368dac-84c4-4443-8e87-3be1c84b059f/download/etag201806.csv HTTP/1.0"
"i-scipark","192.168.1.1","18778e3d-44fb-4efc-bcdf-8e48c1fdcfa6","True","25/Jul/2018:14:27:36 +0800","260904","GET /dataset/18778e3d-44fb-4efc-bcdf-8e48c1fdcfa6/resource/504992ac-c2a5-4fb0-ac9a-0770a0c01d30/download/sewage20180521-20180531.csv HTTP/1.0"
"i-scipark","192.168.1.1","18778e3d-44fb-4efc-bcdf-8e48c1fdcfa6","True","25/Jul/2018:14:27:40 +0800","980387","GET /dataset/18778e3d-44fb-4efc-bcdf-8e48c1fdcfa6/resource/b0d05819-db37-4518-bfa0-cf9c19fe7f71/download/sewage201806.csv HTTP/1.0"
"nchc-ai-bus","192.168.1.1","0aa0094b-520c-4383-946a-ce8f9a023443","False","24/Jul/2018:16:54:45 +0800","0","CONNECT /dataset/0aa0094b-520c-4383-946a-ce8f9a023443/resource/827179b6-a861-4e95-afb3-f62ad92898c1/download/CDvs4Tjf.htm HTTP/1.0"
"nchc-ai-bus","192.168.1.1","0aa0094b-520c-4383-946a-ce8f9a023443","False","24/Jul/2018:16:54:45 +0800","0","CONNECT /dataset/0aa0094b-520c-4383-946a-ce8f9a023443/resource/827179b6-a861-4e95-afb3-f62ad92898c1/download/hVZAeVN3.htm HTTP/1.0"
"False","192.168.1.1","False","False","19/Jun/2018:11:57:36 +0800","0","GET /nl/dataset/scidm-nchc-org-tw-dataset-qacct2016/resource/827179b6-a861-4e95-afb3-f62ad92898c1?<IMG SRC%3D\""javascript:alert(304);\"">=1&view_id=f02e2b20-0317-47ea-b2d5-c3c02d6f368b&inner_span=True"
"False","192.168.1.1","False","False","19/Jun/2018:11:57:44 +0800","0","GET /nl/dataset/scidm-nchc-org-tw-dataset-qacct2016/resource/827179b6-a861-4e95-afb3-f62ad92898c1?<BODY ONLOAD%3Dalert(307)>=1&view_id=f02e2b20-0317-47ea-b2d5-c3c02d6f368b&inner_span=True"
"narl-nspo","10.10.3.4","47caea3c-40ab-4c2c-a318-02a25e3505e0","False","04/Oct/2018:16:42:55 +0800","7848","GET /dataset/l4a HTTP/1.0"
"narl-nspo","10.10.3.4","47caea3c-40ab-4c2c-a318-02a25e3505e0","False","28/Sep/2018:17:46:52 +0800","5929","GET /dataset/l4a/resource/a0078df7-080f-4589-8a2e-ea155d623374 HTTP/1.0"
